{
    "effects": [
        {
            "effects": [
                {
                    "blendMode": "NORMAL",
                    "boundVariables": {},
                    "color": {
                        "a": 0.07000000029802322,
                        "b": 0.7176470756530762,
                        "g": 0.16078431904315948,
                        "r": 0.21176470816135406
                    },
                    "offset": {
                        "x": 0,
                        "y": -5
                    },
                    "radius": 30,
                    "showShadowBehindNode": true,
                    "spread": 0,
                    "type": "DROP_SHADOW",
                    "visible": true
                }
            ],
            "id": "S:0cfe009427bd0028fe0e544731ae249b76dd148b,",
            "name": "Tab bar"
        },
        {
            "effects": [
                {
                    "blendMode": "NORMAL",
                    "boundVariables": {},
                    "color": {
                        "a": 0.07000000029802322,
                        "b": 0.7176470756530762,
                        "g": 0.16078431904315948,
                        "r": 0.21176470816135406
                    },
                    "offset": {
                        "x": 0,
                        "y": 4
                    },
                    "radius": 30,
                    "showShadowBehindNode": true,
                    "spread": 0,
                    "type": "DROP_SHADOW",
                    "visible": true
                }
            ],
            "id": "S:f4c58e15877115d5ae70201fe296792bcdcf0560,",
            "name": "Card / 1"
        },
        {
            "effects": [
                {
                    "blendMode": "NORMAL",
                    "boundVariables": {},
                    "color": {
                        "a": 0.05000000074505806,
                        "b": 0,
                        "g": 0,
                        "r": 0
                    },
                    "offset": {
                        "x": 0,
                        "y": 5
                    },
                    "radius": 30,
                    "showShadowBehindNode": true,
                    "spread": 0,
                    "type": "DROP_SHADOW",
                    "visible": true
                }
            ],
            "id": "S:de8fee71f70351aa72bc73ee64548e4246eaafaf,",
            "name": "Card / 2"
        }
    ],
    "grids": [],
    "paints": [
        {
            "id": "S:a65099703904896a8c9a59df2972f23487fe866a,",
            "name": "Primary / 1",
            "paints": [
                {
                    "blendMode": "NORMAL",
                    "boundVariables": {},
                    "color": {
                        "b": 0.7166666388511658,
                        "g": 0.16124999523162842,
                        "r": 0.21291668713092804
                    },
                    "opacity": 1,
                    "type": "SOLID",
                    "visible": true
                }
            ]
        },
        {
            "id": "S:5fe7e4e1b7ebf5250afa3e3de0f771f6eaa0faa7,",
            "name": "Primary / 2",
            "paints": [
                {
                    "blendMode": "NORMAL",
                    "boundVariables": {},
                    "color": {
                        "b": 0.7254902124404907,
                        "g": 0.3333333432674408,
                        "r": 0.33725491166114807
                    },
                    "opacity": 1,
                    "type": "SOLID",
                    "visible": true
                }
            ]
        },
        {
            "id": "S:33edd187a39e27c1ccb1401af0ef8d3a55eefec2,",
            "name": "Primary / 3",
            "paints": [
                {
                    "blendMode": "NORMAL",
                    "boundVariables": {},
                    "color": {
                        "b": 0.843137264251709,
                        "g": 0.6392157077789307,
                        "r": 0.658823549747467
                    },
                    "opacity": 1,
                    "type": "SOLID",
                    "visible": true
                }
            ]
        },
        {
            "id": "S:1b7241245bf1c3061b51329eb4938cc3b578c3d8,",
            "name": "Primary / 4",
            "paints": [
                {
                    "blendMode": "NORMAL",
                    "boundVariables": {},
                    "color": {
                        "b": 0.9750000238418579,
                        "g": 0.94580078125,
                        "r": 0.9485816359519958
                    },
                    "opacity": 1,
                    "type": "SOLID",
                    "visible": true
                }
            ]
        },
        {
            "id": "S:0726eacfed5d882d309ba237a72e752929a35fa5,",
            "name": "Neutral / 1",
            "paints": [
                {
                    "blendMode": "NORMAL",
                    "boundVariables": {},
                    "color": {
                        "b": 0.20319010317325592,
                        "g": 0.20319010317325592,
                        "r": 0.20319010317325592
                    },
                    "opacity": 1,
                    "type": "SOLID",
                    "visible": true
                }
            ]
        },
        {
            "id": "S:0d8da253b0b0a7274e3894f5f9fe08816a5ff614,",
            "name": "Neutral / 2",
            "paints": [
                {
                    "blendMode": "NORMAL",
                    "boundVariables": {},
                    "color": {
                        "b": 0.5372549295425415,
                        "g": 0.5372549295425415,
                        "r": 0.5372549295425415
                    },
                    "opacity": 1,
                    "type": "SOLID",
                    "visible": true
                }
            ]
        },
        {
            "id": "S:8b3dbe5e32576bb679189ab33f8ecdd73267a89b,",
            "name": "Neutral / 3",
            "paints": [
                {
                    "blendMode": "NORMAL",
                    "boundVariables": {},
                    "color": {
                        "b": 0.5948567986488342,
                        "g": 0.5948567986488342,
                        "r": 0.5948567986488342
                    },
                    "opacity": 1,
                    "type": "SOLID",
                    "visible": true
                }
            ]
        },
        {
            "id": "S:c41620c4f2051ea035a3a9bf36d6a79e2311c6f7,",
            "name": "Neutral/4",
            "paints": [
                {
                    "blendMode": "NORMAL",
                    "boundVariables": {},
                    "color": {
                        "b": 0.7920572757720947,
                        "g": 0.7920572757720947,
                        "r": 0.7920572757720947
                    },
                    "opacity": 1,
                    "type": "SOLID",
                    "visible": true
                }
            ]
        },
        {
            "id": "S:321be23baae7c8ddd1615fe33280a5faf2fdcd78,",
            "name": "Neutral / 5",
            "paints": [
                {
                    "blendMode": "NORMAL",
                    "boundVariables": {},
                    "color": {
                        "b": 0.878000020980835,
                        "g": 0.878000020980835,
                        "r": 0.878000020980835
                    },
                    "opacity": 1,
                    "type": "SOLID",
                    "visible": true
                }
            ]
        },
        {
            "id": "S:fc19093c7669f17367249b1340352768e059c8e0,",
            "name": "Neutral / 6",